id,surname,firstname,balance
110,Gould,Mary,8290271.20767
111,Brown,Kenneth,1491260.50076
112,Barnhill,Candy,4712890.38512
113,Rodrigues,Marissa,9713837.77106
114,Man,Joseph,4484990.93438
115,Stacks,Benjamin,10049554.0938
116,Thompson,Paul,6666529.55407
117,House,Betty,8666826.27432
118,Hewitt,Joe,7065863.48573
119,Wallace,Norman,9442398.76743
